<?xml version="1.0" encoding="UTF-8"?>

<configuration scan="true">
    <include resource="org/springframework/boot/logging/logback/base.xml" />

    <appender name="ROLLING"
        class="ch.qos.logback.core.rolling.RollingFileAppender">
        <file>${log.home.dir:-${HOME}}/mbos_notifications.log</file>
        <rollingPolicy class="ch.qos.logback.core.rolling.TimeBasedRollingPolicy">
            <fileNamePattern>${log.home.dir:-${HOME}}/archived/mbos_notifications.%d{yyyy-MM-dd}.%i.log
            </fileNamePattern>
            <timeBasedFileNamingAndTriggeringPolicy
                class="ch.qos.logback.core.rolling.SizeAndTimeBasedFNATP">
                <maxFileSize>10MB</maxFileSize>
            </timeBasedFileNamingAndTriggeringPolicy>
                <maxHistory>14</maxHistory>
        </rollingPolicy>
        <encoder class="ch.qos.logback.classic.encoder.PatternLayoutEncoder">
            <pattern>%d{yyyy-MM-dd HH:mm:ss.SSS} %clr(${LOG_LEVEL_PATTERN:-%5p}) %clr([%15.15t]){faint} %clr(%-40.40logger{39}){cyan} %clr(:){faint} %m%n${LOG_EXCEPTION_CONVERSION_WORD:-%wEx}</pattern>
        </encoder>
    </appender>

    <appender name="ASYNC" class="ch.qos.logback.classic.AsyncAppender">
        <queueSize>1000</queueSize>
        <discardingThreshold>0</discardingThreshold>
        <maxFlushTime>2000</maxFlushTime>
        <appender-ref ref="ROLLING" />
    </appender>

    <logger name="AUDIT" additivity="false" level="#logback.loglevel#">
        <appender-ref ref="ASYNC" />
    </logger>

    <logger name="com.comcast.xfinity.mobile" level="#logback.loglevel#" />

    <logger name="javax.activation" level="WARN" />
    <logger name="javax.mail" level="WARN" />
    <logger name="javax.xml.bind" level="WARN" />
    <logger name="ch.qos.logback" level="WARN" />
    <logger name="com.codahale.metrics" level="WARN" />
    <logger name="com.netflix" level="WARN" />
    <logger name="com.netflix.discovery" level="WARN" />
    <logger name="com.ryantenney" level="WARN" />
    <logger name="com.sun" level="WARN" />
    <logger name="com.zaxxer" level="WARN" />
    <logger name="io.undertow" level="WARN" />
    <logger name="org.apache" level="WARN" />
    <logger name="org.apache.catalina.startup.DigesterFactory"
        level="OFF" />
    <logger name="org.bson" level="WARN" />
    <logger name="org.hibernate.validator" level="WARN" />
    <logger name="org.hibernate" level="WARN" />
    <logger name="org.hibernate.ejb.HibernatePersistence" level="OFF" />
    <logger name="org.springframework" level="WARN" />
    <logger name="org.springframework.web" level="WARN" />
    <logger name="org.springframework.security" level="WARN" />
    <logger name="org.springframework.cache" level="WARN" />
    <logger name="org.thymeleaf" level="WARN" />
    <logger name="org.xnio" level="WARN" />
    <logger name="springfox" level="WARN" />
    <logger name="sun.rmi" level="WARN" />
    <logger name="sun.net" level="WARN" />
    <logger name="liquibase" level="WARN" />
    <logger name="sun.rmi.transport" level="WARN" />

    <contextListener class="ch.qos.logback.classic.jul.LevelChangePropagator">
        <resetJUL>true</resetJUL>
    </contextListener>

    <root level="#logback.loglevel#">
        <appender-ref ref="CONSOLE" />
        <appender-ref ref="ASYNC" />
    </root>

</configuration>
